payload,label
about,0
about/library,0
about/student-societies,0
academics,0
academics/fee-structure,0
academics/forms-and-documents,0
academics/grading-policy,0
administration,0
admissions,0
admissions/admission-test,0
admissions/application-process,0
admissions/bachelors-of-science-in-management-and-technology,0
admissions/bs-artificial-intelligence-bs-ai,0
admissions/bs-computer-engineering,0
admissions/bs-computer-science,0
admissions/bs-economics-with-data-science,0
admissions/bs-electrical-engineering,0
admissions/bs-software-engineering-bs-se,0
admissions/eligibility-criteria,0
admissions/emba,0
admissions/faqs,0
admissions/ms-computer-engineering,0
admissions/ms-computer-science,0
admissions/ms-data-science,0
admissions/msdevs,0
admissions/ms-electrical-engineering,0
admissions/ms-in-public-policy-and-society,0
admissions/ms-management-and-technology,0
admissions/phd-computer-science,0
admissions/phd-electrical-engineering,0
careers,0
cet,0
comments,0
contact,0
engineering-labs,0
examinations,0
faculty/faculty-of-business-management-science,0
faculty/faculty-of-engineering,0
faculty/faculty-of-humanities-social-sciences,0
faculty/faculty-of-science,0
faculty-itu,0
faculty-itu/dr-adnan-noor-mian-2,0
faculty-itu/dr-arif-mahmood-2,0
faculty-itu/dr-junaid-qadir,0
faculty-itu/dr-rehan-hafiz-2,0
faculty-itu/dr-tauseef-tauqeer-2,0
faculty-itu/dr-usman-younis-2,0
faculty-itu/mohsen-ali-2,0
feed,0
financial-assistance,0
home,0
it-capacity-building,0
itu-latest-news,0
itu-latest-news/fwd-public-phd-defense-ms-humera-hameed-phdee17001,0
itu-rti-disclosure,0
kamyab-jawan-program,0
lincoln-corners,0
message-from-the-vice-chancellor,0
newsletter,0
office-of-advancement-and-external-linkages,0
office-of-advancement-and-external-linkages/advancement,0
oric,0
placement-office,0
press-clippings,0
quality,0
quality/about-qec,0
quality/accreditation-nocs,0
quality/activity-calendar,0
quality/contact-us,0
quality/handbook-of-covid-19,0
quality/interdisciplinary-research,0
quality/ms-mphil-phd-program-reviews,0
quality/newsletter,0
quality/qec-events,0
quality/qec-functions,0
quality/qec-objectives,0
quality/qec-resources,0
quality/qec-team-staff,0
quality/reports,0
quality/statutory-bodies,0
quality/vision-mission-statement,0
research,0
robots.txt:,0
student-services-and-placement-office-sspo,0
student-services-and-placement-office-sspo/announcements,0
student-services-and-placement-office-sspo/our-team,0
student-services-and-placement-office-sspo/student-services-office,0
team/dr-abiha-zahra,0
team/dr-arif-mahmood,0
team/dr-ateeq-abdul-rauf,0
team/dr-mohsen-ali,0
team/dr-muhammad-ali-jan,0
team/dr-muhammad-qasim-mehmood,0
team/dr-rehan-ahmed,0
team/dr-tauseef-tauqeer,0
team/dr-yaqoob-khan-bangash,0
team/dr-zeeshan-rafiq,0
tenders,0
unesco,0
up-events,0
up-events/8th-afkar-e-taza-thinkfest,0
up-events/building-a-rag-based-chatbot-challenges-and-pitfalls-by-maria-sohail,0
up-events/environmental-policy-in-eu,0
vision-mission,0
3d-flipbook-dflip-lite,0
advanced-responsive-video-embedder/build/main,0
js_composer,0
newsletter/style,0
olevmedia-shortcodes,0
olevmedia-shortcodes/assets,0
responsive-youtube-vimeo-video-lightbox/css/videopopup,0
responsive-youtube-vimeo-video-lightbox/js/videopopup.jquery,0
revslider/public,0
revslider/public/assets,0
team-free/src/frontend/css/font-awesome.min,0
team-free/src/frontend/css/public.min,0
team-free/src/frontend/css/swiper.min,0
team-free/src/frontend,0
team-free/src/frontend/img/spinner,0
team-free/src/frontend/js/script,0
team-free/src/frontend/js/swiper.min,0
css/blueimp-gallery.min,0
css/bootstrap-image-gallery.min,0
css/bootstrap.min,0
css/wpbgallery,0
img/error.png:,0
img/error.svg:,0
img/loading.gif,0
img/play-pause.png:,0
img/play-pause.svg:,0
img/video-play.png:,0
img/video-play.svg:,0
js/bootstrap-image-gallery.min,0
js/bootstrap.min,0
js/jquery.blueimp-gallery.min,0
js/wpbgallery,0
wp-pagenavi/pagenavi-css,0
wp-video-lightbox/css/prettyphoto,0
dark_rounded/btnnext,0
dark_rounded/btnprevious,0
dark_rounded/contentpattern,0
dark_rounded/loader.gif,0
dark_rounded/sprite,0
dark_square/btnnext,0
dark_square/btnprevious,0
dark_square/loader.gif,0
dark_square/sprite,0
default_thumb,0
loader.gif,0
sprite_next,0
sprite,0
sprite_prev,0
sprite_x,0
sprite_y,0
btnnext,0
btnprevious,0
contentpatternbottom,0
contentpatternleft,0
contentpatternright,0
contentpatterntop,0
default_thumbnail.gif,0
loader.gif,0
sprite,0
light_rounded/btnnext,0
light_rounded/btnprevious,0
light_rounded/loader.gif,0
light_rounded/sprite,0
light_square/btnnext,0
light_square/btnprevious,0
light_square/sprite,0
wp-video-lightbox/js/jquery.prettyphoto,0
wp-video-lightbox/js/video-lightbox,0
wp-video-lightbox/wp-video-lightbox,0
wp-content,0
2012/10/stanford-slider,0
2013/01/convo-01-1,0
2013/01/slider-2-1-1,0
2013/01/slider-2-2,0
04/11,0
04/1,0
04/2,0
04/about-itu,0
04/adnan-noor-mian,0
04/campus-life-100x100,0
04/campus-life-109x109,0
04/campus-life,0
04/dr-ali-jan,0
04/dr-arif-mehmood,0
04/dr.-tauseef-tauqeer,0
04/uni-fac-100x100,0
04/uni-fac-109x109,0
04/uni-fac,0
04/usman-younis,0
07/slider-1-2,0
07/slider-1,0
07/slider2,0
07/slider-ceremony-7,0
07/sss-1-1,0
2017/03/thumnail-2,0
2017/12/seal,0
04/bannerr-01-scaled,0
04/button-01,0
04/button-2-01,0
04/embded-01,0
04/faculty-01-1-scaled,0
04/footer.mp4,0
04/itu-building-1-1,0
04/itunewnew,0
04/licoln-corner,0
04/radio-01-01-1,0
04/slider1,0
04/website-02-1,0
04/website-03-1,0
04/website-04-1,0
04/website-07-1,0
04/website-09-1,0
04/website-10,0
2021/03/2,0
2021/03/7,0
2021/03/8,0
2021/03/abiha,0
2022/01/user-,0
2022/04/graduates-2017.pdf,0
2022/04/graduates-2018.pdf,0
2022/04/graduates-2019.pdf,0
2022/04/graduates-2020.pdf,0
2022/11/gradautes-2021.pdf,0
2023/01/advancement,0
2023/01/convocation-2023,0
2023/02/zeeshan-rafiq,0
2023/03/img_1301-2a-official,0
2024/05/logo-itu-new,0
2024/07/dr-mohsin.jpeg,0
2024/09/newsletter-cover,0
2024/10/building-a-rag-based-chatbot-300x180.jpeg,0
2024/10/building-a-rag-based-chatbot-768x461.jpeg,0
2024/10/building-a-rag-based-chatbot.jpeg,0
2024/11/environment-policy-300x180,0
2024/11/environment-policy-768x461,0
2024/11/environment-policy,0
2025/01/cropped-favicon-512x512-180x180,0
2025/01/cropped-favicon-512x512-192x192,0
2025/01/cropped-favicon-512x512-32x32,0
2025/01/favicon-512x512,0
2025/01/think-fest-300x180,0
2025/01/think-fest-768x461,0
2025/01/think-fest,0
2025/03/job-ad-treasurer_page-0001-1,0
2025/03/job-ad-treasurer.pdf,0
wp-includes/css/dist/block-library/style.min,0
wp-includes/js/comment-reply.min,0
wp-includes/js/jquery/jquery-migrate.min,0
wp-includes/js/jquery/jquery.min,0
wp-json/oembed/1.0/embed,0
xmlrpc.php:,0
safebrowsing/clientreport/download,0
cm scholarships program_files/jquery,0
cm scholarships program_files/bootstrap,0
cm scholarships program_files/meanmenu,0
cm scholarships program_files/custom,0
cm scholarships program_files/loadingoverlay,0
cm scholarships program_files/common,0
favicon.ico,0
discipline.php,0
universities.php,0
faqs.php,0
images/footer-bg,0
queries/users/index.php,0
queries/users,0
cdn-cgi/scripts/5c5dd728/cloudflare-static/email-decode.min,0
embed/cdk8xwdrwo8,0
maps/api/js,0
maps,0
s/player/73381ccc/player_ias.vflset/en_us/embed,0
s/player/73381ccc/www-embed-player.vflset/www-embed-player,0
s/player/73381ccc/player_ias.vflset/en_us/base,0
maps/embed,0
maps/api/mapsjs/gen_204,0
maps-api-v3/embed/js/60/7b/init_embed,0
pagead/id,0
instream/ad_status,0
s/player/73381ccc/player_ias.vflset/en_us/remote,0
maps-api-v3/api/js/60/7b/common,0
maps-api-v3/api/js/60/7b/util,0
js/th/mb36qiqzpradipvwultv6guhtjebesz1wzr8egqufnk,0
news/prof-dr-zia-ul-haq-honored-sitara-e-imtiaz-outstanding-services-higher-education-and-public-health,0
youtubei/v1/log_event,0
$rpc/google.internal.waa.v1.waa/create,0
cv/js/sender/v1/cast_sender,0
maps-api-v3/api/js/60/7b/geometry,0
maps-api-v3/api/js/60/7b/main,0
maps-api-v3/api/js/60/7b/search,0
news/kmu-team-leadership-vc-visited-gkmc-ihs-swabi-mardan,0
about-kmu,0
vice-chancellor-message,0
kmu-calendar/statutes,0
kmu-calendar/rules,0
examination/news,0
old,0
old/modules/system/system.base,0
modules/contrib/magnific_popup/css/mfp-formatter,0
modules/contrib/date/date_api/date,0
modules/contrib/date/date_popup/themes/datepicker.1.7,0
modules/contrib/date/date_repeat_field/date_repeat_field,0
modules/contrib/domain/domain_nav/domain_nav,0
old/modules/field/theme/field,0
old/modules/node/node,0
modules/contrib/radix_layouts/radix_layouts,0
modules/contrib/ckeditor/css/ckeditor,0
modules/contrib/views/css/views,0
modules/contrib/slick/css/theme/slick.theme,0
modules/contrib/slick/css/theme/slick.theme--default,0
modules/colorbox/styles/plain/colorbox_style,0
modules/contrib/ctools/css/ctools,0
modules/contrib/panels/css/panels,0
modules/contrib/sharebar/css/sharebar,0
modules/quicktabs/css/quicktabs,0
modules/quicktabs/quicktabs_tabstyles/tabstyles/sky/sky,0
modules/contrib/tb_megamenu/css/bootstrap,0
modules/contrib/tb_megamenu/css/base,0
modules/contrib/tb_megamenu/css/default,0
modules/contrib/tb_megamenu/css/compatibility,0
themes/kmumain2015/bootstrap/css/bootstrap.min,0
themes/kmumain2015/css/style,0
themes/kmumain2015/bootstrap/css/bootstrap-theme.min,0
files/fontyourface/font,0
old/misc/jquery.once,0
old/misc/drupal,0
modules/contrib/waypoints/waypoints.min,0
modules/contrib/jquery_update/replace/ui/external/jquery.cookie,0
modules/contrib/jquery_update/replace/jquery.form/3/jquery.form.min,0
modules/contrib/magnific_popup/js/behaviors.mfp-formatter,0
old/misc/ajax,0
modules/contrib/jquery_update/js/jquery_update,0
modules/contrib/admin_menu/admin_devel/admin_devel,0
themes/bootstrap/js/misc/_progress,0
modules/colorbox/js/colorbox,0
modules/contrib/sharebar/js/sharebar,0
modules/contrib/slick/js/slick.load.min,0
modules/contrib/views/js/base,0
modules/contrib/views/js/ajax_view,0
modules/quicktabs/js/quicktabs,0
modules/contrib/tb_megamenu/js/tb-megamenu-frontend,0
modules/contrib/tb_megamenu/js/tb-megamenu-touch,0
modules/google_analytics/googleanalytics,0
themes/kmumain2015/bootstrap/js/bootstrap,0
themes/kmumain2015/js/custom,0
themes/bootstrap/js/modules/views/js/ajax_view,0
themes/bootstrap/js/misc/ajax,0
jquery-1.10.2.min,0
files/01-kmu-logo-180x106_0,0
themes/bootstrap/js/bootstrap,0
files/02-ibms-150x150,0
files/02-iph&ss,0
files/06-ins,0
files/04-ipm&r,0
files/03-ihpe&r,0
files/05-ipms,0
files/07-kims,0
files/08-kids,0
files/ihs-ish-logo,0
files/results.gif,0
analytics,0
gtag/js,0
g/collect,0
files/01-kmu-logo-180x106,0
files/06-ins,0
index.html,0
about.html,0
contact.html,0
assets/css/style.css,0
assets/js/app.js,0
assets/images/logo.png,0
assets/images/header.jpg,0
assets/images/footer.png,0
downloads/documents/annual_report.pdf,0
downloads/manuals/quick_start_guide.pdf,0
media/videos/intro.mp4,0
media/videos/tutorial.mp4,0
media/audio/podcast_episode1.mp3,0
media/audio/ambient_sounds.mp3,0
docs/tutorials/getting_started.txt,0
docs/tutorials/advanced_tips.txt,0
blog/posts/2022/welcome_to_the_blog.html,0
blog/archive/2021/december/update.html,0
products/item123/details.html,0
products/item123/images/primary.png,0
products/item456/details.html,0
products/item456/images/primary.png,0
shop/products/category/electronics/item789.html,0
shop/products/category/electronics/images/item789_thumbnail.jpg,0
api/v1/data,0
api/v1/users,0
api/v2/auth,0
help/faq.html,0
help/contact_support.html,0
downloads/software/installer_v1.0.exe,0
downloads/software/installer_v2.0.exe,0
files/reports/quarter1_2023.pdf,0
files/reports/quarter2_2023.pdf,0
files/reports/quarter3_2023.pdf,0
files/reports/quarter4_2023.pdf,0
services/status,0
services/uptime,0
sitemap.xml,0
robots.txt,0
docs/readme.md,0
docs/changelog.md,0
legal/terms_of_service.html,0
legal/privacy_policy.html,0
community/forum/index.html,0
community/forum/thread/12345,0
archive/old_website/index.html,0
archive/old_website/assets/css/main.css,0
archive/old_website/assets/js/main.js,0
downloads/images/banner.jpg,0
resources/ebooks/learning_python.epub,0
resources/ebooks/data_science_guide.pdf,0
press/releases/announcement_2023.html,0
press/releases/announcement_2022.html,0
contact/directory.html,0
events/calendar/2023/events.html,0
events/calendar/2022/events.html,0
static/js/main.bundle.js,0
static/css/main.bundle.css,0
public/fonts/Roboto-Regular.ttf,0
public/fonts/Roboto-Bold.ttf,0
media/galleries/vacation/IMG_001.jpg,0
media/galleries/vacation/IMG_002.jpg,0
media/galleries/vacation/IMG_003.jpg,0
media/galleries/wedding/IMG_101.jpg,0
media/galleries/wedding/IMG_102.jpg,0
media/galleries/wedding/IMG_103.jpg,0
resources/tutorials/coding101.html,0
resources/tutorials/coding202.html,0
downloads/assets/preview.png,0
downloads/assets/sample.zip,0
store/catalogue/electronics/laptop.html,0
store/catalogue/electronics/phone.html,0
store/catalogue/clothing/shirts.html,0
store/catalogue/clothing/pants.html,0
user/profile/view.html,0
user/profile/edit.html,0
user/dashboard/home.html,0
user/dashboard/settings.html,0
tools/calculator.html,0
tools/converter.html,0
blog/archives/2019/summary.html,0
blog/archives/2018/summary.html,0
news/local/2023/update.html,0
news/international/2023/update.html,0
updates/version1.0/changelog.txt,0
updates/version2.0/changelog.txt,0
status/health,0
status/metrics,0
help/support/contact.html,0
support/tickets/new.html,0
faq/how-to-register.html,0
guides/installation.html,0
guides/configuration.html,0
downloads/files/user_guide_v3.pdf,0
downloads/files/invoice_april.csv,0
downloads/files/invoice_may.csv,0
dashboard/analytics/monthly.html,0
dashboard/analytics/yearly.html,0
user/settings/preferences.html,0
user/notifications/email.html,0
user/messages/inbox.html,0
user/messages/sent.html,0
newsletter/signup.html,0
newsletter/archive/january.html,0
newsletter/archive/february.html,0
forum/topics/python_basics.html,0
forum/topics/machine_learning.html,0
forum/topics/web_dev.html,0
api/v1/products/list,0
api/v1/products/details?id=123,0
api/v1/cart/add?id=456,0
api/v1/order/history,0
search/results?query=data,0
search/results?query=python,0
contact/form.html,0
contact/submit.html,0
reports/daily/2024-04-12.csv,0
reports/monthly/march_2024.pdf,0
reports/yearly/2023_summary.xlsx,0
auth/login.html,0
auth/logout.html,0
auth/register.html,0
services/api/uptime.json,0
services/api/status.json,0
files/backup/archive1.zip,0
files/backup/archive2.zip,0
docs/versions/v1.0/index.html,0
docs/versions/v2.1/index.html,0
feedback/form.html,0
feedback/submit.html,0
images/gallery/2023/summer/01.jpg,0
images/gallery/2023/summer/02.jpg,0
images/gallery/2023/summer/03.jpg,0
downloads/updates/update_patch_1.1.exe,0
downloads/updates/update_patch_1.2.exe,0
css/themes/dark-mode.css,0
css/themes/light-mode.css,0
js/modules/slider.js,0
js/modules/form-validation.js,0
store/items/item_001.html,0
store/items/item_002.html,0
store/items/item_003.html,0
books/science/physics101.pdf,0
books/science/chemistry101.pdf,0
books/literature/poems_2023.pdf,0
events/registrations/open.html,0
events/registrations/closed.html,0
events/schedule/day1.html,0
events/schedule/day2.html,0
data/downloads/dataset1.csv,0
data/downloads/dataset2.csv,0
data/analytics/report_q1.pdf,0
data/analytics/report_q2.pdf,0
account/info/edit.html,0
account/password/reset.html,0
learning/courses/python.html,0
learning/courses/javascript.html,0
learning/modules/ml/intro.html,0
learning/modules/nlp/overview.html,0
legal/disclaimer.html,0
legal/license.html,0
partners/list.html,0
partners/register.html,0
media/slides/keynote_2023.pptx,0
media/slides/session_ai.pptx,0
publications/journals/ai_today.pdf,0
publications/conference/ml_summit_2023.pdf,0
tour/gallery/virtual_tour.html,0
tour/gallery/360_view.html,0
registry/lookup.html,0
registry/search.html,0
people/staff/directory.html,0
people/staff/profiles/ali_ahmed.html,0
people/staff/profiles/sara_khan.html,0
portfolio/projects/web_app_01.html,0
portfolio/projects/ml_app_02.html,0
history/2021/summary.html,0
history/2022/summary.html,0
history/2023/summary.html,0
projects/portfolio/data_visualization_2023.html,0
projects/portfolio/network_monitor.html,0
projects/portfolio/chatbot_nlp.html,0
blogs/posts/top_10_data_tools.html,0
blogs/posts/introduction_to_sql.html,0
blogs/posts/how_to_secure_apis.html,0
news/updates/security_patch_april.html,0
news/updates/version_2.0_release.html,0
tools/downloads/cleaner_tool.exe,0
tools/downloads/backup_tool.zip,0
tools/api/integration_guide.html,0
community/events/webinar_may.html,0
community/events/virtual_meetup.html,0
community/forums/topic/security_best_practices.html,0
labs/research/paper_ai_vision.pdf,0
labs/research/whitepaper_cloud_security.pdf,0
labs/tools/open_source_project.html,0
tutorials/basics/html_intro.html,0
tutorials/basics/css_basics.html,0
tutorials/intermediate/javascript_async.html,0
tutorials/advanced/python_asyncio.html,0
courses/webdev/week1/lesson1.html,0
courses/webdev/week1/lesson2.html,0
courses/ml/week2/assignment.html,0
courses/ml/week3/quiz.html,0
static/images/banner_2024.png,0
static/images/logo_retina.png,0
static/fonts/roboto/roboto-regular.woff2,0
static/fonts/open_sans/open-sans-bold.woff,0
assets/docs/handbook_employee.pdf,0
assets/docs/internship_policy.pdf,0
registration/confirm.html,0
registration/verify_email.html,0
payment/success.html,0
payment/receipt?id=8493,0
payment/failure.html,0
support/tickets/open.html,0
support/tickets/view?id=102,0
support/faqs/general.html,0
support/faqs/technical.html,0
checkout/cart/view.html,0
checkout/confirm/address.html,0
checkout/confirm/payment.html,0
checkout/complete.html,0
settings/privacy.html,0
settings/notifications.html,0
profile/view/user123.html,0
profile/edit/user456.html,0
maps/location/kohat_road_kpk.html,0
maps/search?place=ITU+Lahore,0
maps/view/area?id=56,0
meta/data/export_users.csv,0
meta/data/export_logs.csv,0
logs/system/2024-04-12.log,0
logs/errors/404_logs.html,0
logs/traffic/2024-q1.csv,0
cloud/instances/overview.html,0
cloud/instances/manage?id=cloud01,0
cloud/storage/backups/list.html,0
cloud/storage/usage.html,0
admin/dashboard.html,0
admin/logs/activity.html,0
admin/users/manage.html,0
admin/settings/configure.html,0
webinars/archive/ai_in_healthcare.html,0
webinars/archive/blockchain_trends.html,0
partners/docs/nda_template.pdf,0
partners/docs/mou_agreement.pdf,0
team/members/leadership.html,0
team/members/development.html,0
awards/certificates/employee_of_month.pdf,0
awards/certificates/top_performer.pdf,0
downloads/datasets/clean_data_1.csv,0
downloads/datasets/clean_data_2.csv,0
downloads/resources/icons.zip,0
downloads/resources/banners.zip,0
legal/privacy_policy.html,0
legal/terms_of_service.html,0
legal/cookie_policy.html,0
company/about_us.html,0
company/mission_vision.html,0
company/contact_us.html,0
internships/apply/2024_summer.html,0
internships/faq.html,0
opportunities/open_positions.html,0
opportunities/internships.html,0
files/reports/annual_review_2023.pdf,0
files/docs/user_manual_v5.2.pdf,0
files/media/promo_video.mp4,0
docs/library/catalogue_2024.html,0
docs/library/borrowing_policy.html,0
resources/publications/newsletter_march2024.pdf,0
resources/forms/application_form.pdf,0
resources/forms/feedback_form.html,0
api/v1/users/list.json,0
api/v2/products/get?id=8793,0
api/auth/login_check.html,0
api/docs/swagger/index.html,0
shop/products/view?item_id=1090,0
shop/cart/add?product_id=2301&qty=1,0
shop/checkout/success.html,0
media/images/gallery/spring2024/photo_12.jpg,0
media/videos/tutorials/intro-to-linux.mp4,0
media/audio/podcast/episode7.mp3,0
events/upcoming/webinar_on_iot.html,0
events/past/security_summit_2023.html,0
events/registration/confirm.html,0
gallery/album/launch_event_2023.html,0
gallery/photos/tech_day_2022.html,0
status/server/uptime_check.html,0
status/server/load_metrics.csv,0
monitoring/alerts/dashboard.html,0
monitoring/logs/network_activity.log,0
intranet/hr/forms/leave_application.pdf,0
intranet/hr/employee_portal.html,0
student/assignments/week4_task2.html,0
student/grades/report_semester1.pdf,0
student/login/verify.html,0
search/results?query=cybersecurity+course,0
search/advanced?filter=pdf&type=docs,0
account/password_reset.html,0
account/settings/email_preferences.html,0
notifications/push/alerts_view.html,0
notifications/email/subscription_manage.html,0
feedback/success.html,0
feedback/form_submission?id=789,0
analytics/user_behavior/2024-q1.csv,0
analytics/pageviews/daily_trends.html,0
metrics/performance/load_time_chart.html,0
dashboard/widgets/user_engagement.html,0
dashboard/widgets/location_distribution.html,0
archive/blogs/decade_review.html,0
archive/publications/2020_handbook.pdf,0
archive/webinars/ai_in_cybersecurity.html,0
healthcare/appointments/book_slot.html,0
healthcare/records/view_lab_reports.html,0
healthcare/billing/download_invoice?id=1034,0
faculty/lectures/ai_intro_week1.html,0
faculty/publications/2024_journal_entry.pdf,0
faculty/profile/prof_jamal_khan.html,0
alumni/events/reunion_2023.html,0
alumni/directory/view_profile?id=6782,0
transport/schedule/view_route_32.html,0
transport/tickets/book?id=23045,0
transport/alerts/delay_notice.html,0
donate/form/submit.html,0
donate/thank_you.html,0
csr/projects/clean_water_drive.html,0
csr/reports/environmental_impact_2023.pdf,0
open_data/datasets/water_quality_2022.csv,0
open_data/visualizations/population_growth.html,0
press/releases/launch_announcement.html,0
press/news/media_mentions_2024.html,0
journal/issues/vol5/issue1.html,0
journal/submissions/guidelines.html,0
notifications/logs/weekly_digest.html,0
support/knowledge_base/ssl_setup.html,0
support/contact_form_submitted.html,0
training/materials/cyber_ethics.pdf,0
training/quiz/week3_results.html,0
api/v3/mobile/login_check.json,0
api/v3/mobile/user/preferences.html,0
api/v3/mobile/location/track_user?id=3490,0
api/v3/mobile/health/steps_today.csv,0
api/v3/mobile/notifications/unread.json,0
m/app/settings/privacy_policy.html,0
m/app/home/dashboard_v2.html,0
m/user/profile/view?id=121,0
app/data/sync_logs.json,0
app/files/download/lecture_notes.pdf,0
app/content/stream_video.mp4,0
mobile/data/stats?date=2024-01-15,0
mobile/version/check_update.json,0
assets/images/أخبار_الصحة_2024.jpg,0
données/utilisateurs/export.csv,0
usuarios/perfil/editar.html,0
benutzer/profil/einstellungen.html,0
usuarios/datos/actividad_enero.json,0
api/usuarios/listado_completo.csv,0
public/data/files/รายงานประจำปี_2566.pdf,0
data/学生/记录表格.csv,0
universite/faculte/enseignants/liste.pdf,0
aulas/material/semana7/introducao.pdf,0
api/mobile/user/대시보드.html,0
contenu/publications/rapport_annuel_2023.pdf,0
informations/evenements/prochaine_session.html,0
biblioteca/documentos/manual_usuario.pdf,0
archivos/publicos/aviso_legal.html,0
app/configuracion/notificaciones.html,0
mobile/config/update_v4.1.json,0
help/faq_general.html,0
help/account/reset_password.html,0
support/chat/transcript_view?id=2390,0
content/view/resource_map.png,0
ebooks/science/biology_guide.epub,0
ebooks/history/world_wars.mobi,0
docs/insurance/terms_conditions_2024.pdf,0
forms/application_v2.docx,0
legal/privacy_policy_v2024.html,0
dashboard/widgets/statistics_preview.html,0
ui/themes/default/assets/style_v1.9.css,0
ui/scripts/charting_engine_v3.js,0
media/downloads/software_setup.exe,0
media/archive/soundtrack_collection.zip,0
setup/config/setup_instructions.md,0
training/slides/cyber_basics.pptx,0
webinars/recordings/web3_intro.mp4,0
downloads/resources/satellite_data.geojson,0
site/verzeichnis/dokumente_liste.csv,0
downloads/android/app-release.apk,0
downloads/ios/app-v2.3.ipa,0
services/maps/embed?location=lahore,0
gallery/slideshows/travel_2023.html,0
photo/contest/submissions/view?id=1555,0
news/articles/tech_recap_march.html,0
about/mission_and_vision.html,0
join_us/careers/software_engineer.html,0
internships/available/2024_edition.html,0
university/courses/catalogue.html,0
grades/report/2024_term1.html,0
user/alerts/weekly_digest.html,0
media/reports/AI_research_landscape.pdf,0
banksecure.com/user/dashboard.html,0
banksecure.com/login/otp_verify,0
secure.mybank.org/transfer/history.csv,0
wallet/api/v1/balance_check,0
banking/services/loan_calculator.html,0
api.financecorp.com/portfolio/stocks.json,0
investments/charts/performance_2024.png,0
checkout/payments/receipt_download.pdf,0
travelnow.com/flights/search?from=lhr&to=dxb,0
travelnow.com/hotels/results?city=istanbul,0
tripplanner/api/v2/destination/tokyo?lang=ja,0
flights/schedules/international.html,0
booking/confirm?booking_id=9992023,0
visas/requirements/pakistan_to_germany.html,0
paktravel.com/tour_packages/kashmir-spring-2024.html,0
university.edu/admissions/guide.pdf,0
admissionsportal.org/undergrad/apply-now.html,0
students/grades/view_transcript.html,0
e-learning/modules/module_5_introduction.docx,0
edu-resources/video_lectures/CS101_week3.mp4,0
store.electroshop.com/products/smartwatch-x9,0
cart/checkout/confirm_order.html,0
payments/api/confirm_transaction,0
downloads/manuals/user_guide_washing_machine_2023.pdf,0
techsupport/help/install_drivers.html,0
supportcenter.org/tickets/view?id=302,0
api.supportcenter.org/faqs/general_questions.json,0
app.messenger.com/chat/thread?id=928,0
cdn.siteassets.com/images/banner_spring2024.jpg,0
cdn.siteassets.com/docs/security_overview_2023.pdf,0
api.shopworld.com/products/category/electronics.json,0
search?q=camping+tents+under+5000,0
search/results?query=best+python+books+2024,0
lang/fr/aide/compte.html,0
lang/ur/resources/طالبعلم_گائیڈ.pdf,0
lang/es/soporte/faq.html,0
lang/de/hilfe/kontakt.html,0
downloads/anleitungen/benutzerhandbuch_2024.pdf,0
assets/audio/آڈیو_لیکچر_اسلامیات.mp3,0
public/فائلیں/ہدایات_2024.pdf,0
safecloud.net/user/files/reports/yearly_earnings.csv,0
appconfig/system/logs/viewlog?file=2024_03.log,0
monitoring/graphs/network_usage_2024.png,0
dashboard/stats/monthly_usage_graphs.html,0
gallery/pictures/spring_blossoms_2023.jpg,0
downloads/data/satellite_imagery_Africa_2022.geojson,0
uploads/files/classroom_activity.zip,0
files/data/تمارين_اللغة_العربية.docx,0
files/tutorials/python_basics.pdf,0
images/gallery/nature/spring_blossom.jpg,0
docs/policy/terms_and_conditions.html,0
support/submit_ticket?issue=login_problem,0
store/product/123456789/details,0
media/videos/lecture1_intro_ai.mp4,0
events/webinars/data_science_2024.html,0
login/reset_password?email=user@example.com,0
api/v3/user/profile/update.json,0
forum/discussions/thread?id=45231,0
library/books/classics/1984_by_orwell.epub,0
news/article/politics/local-election-updates,0
elections/ballot_guide_2024.pdf,0
files/resumes/john_doe_cv.docx,0
photos/upload/family_vacation_italy_2023.png,0
certificates/issued/security_training_cert.pdf,0
cloud/storage/download?file=project_archive.zip,0
university/faculty/profiles/dr_smith.html,0
courses/data_structures/module3_notes.pdf,0
jobportal/apply/job_id/11234,0
jobportal/uploads/resume/ahmad_resume_final.docx,0
weather/api/v1/current?city=lahore,0
finance/budget/2023/monthly_report.xlsx,0
cdn/assets/css/style_v5.css,0
cdn/assets/js/app.bundle.min.js,0
about/contact/location_map.html,0
webmail/login?redirect=inbox,0
newsletters/2024/march_digest.pdf,0
podcasts/download/season3_episode2.mp3,0
stream/videos/movies/classics/casablanca.mp4,0
user/settings/notifications/preferences,0
alerts/view?id=88452&type=security,0
media/slides/conference_presentation_2024.pptx,0
learn/tutorial/javascript/basics_part1.html,0
slides/courses/os/week2_virtual_memory.pptx,0
secure/confirm_email?token=ABCD1234,0
faq/account_security_questions.html,0
img/uploads/birthday_party_2022.jpeg,0
payments/transactions/view?id=239901,0
ecommerce/products/clothing/hoodie-blue,0
checkout/shipping/options.html,0
community/users/members/12455,0
community/groups/join?group_id=789,0
referrals/invite?code=FRIEND20,0
discounts/offers/black_friday_2024.html,0
events/attend/webinar_data_security.html,0
resources/kids/activities/coloring_book_01.pdf,0
themes/gallery/sunset_collection_2023/,0
forums/topics/linux_tips_and_tricks.html,0
uploads/documents/bills/july_2023_electricity.pdf,0
files/projects/github_upload.zip,0
themes/assets/icons/social_icons_set.svg,0
music/downloads/bollywood_hits_2024.mp3,0
assets/fonts/open_sans.woff2,0
members/login/authenticate,0
dashboard/widgets/sales_chart_q1_2024.png,0
reports/monthly_sales_april.csv,0
school/assignments/week7_homework.docx,0
api/v2/cart/items/add?product_id=54,0
customer/orders/track?id=1020200,0
translate?text=hello&lang=fr,0
local/events/cultural_festival_schedule.html,0
library/api/book/harry_potter/info.json,0
billing/invoice/download?id=8009123,0
search?query=machine+learning+courses,0
metrics/api/graph/network_latency.json,0
img/thumbnails/new_year_eve_celebration.jpg,0
cdn/docs/specifications/feature_v2.pdf,0
portfolio/assets/images/ui_design_samples/,0
cdn/assets/audio/lectures/chemistry_week1.mp3,0
weather/forecast/today?region=islamabad,0
api/messaging/send?recipient=124&msg=hi,0
blog/posts/travel/road_trip_to_skardu,0
products/download/manual/printer_laserjet_3020.pdf,0
client/assets/files/company_logo.svg,0
themes/uploads/custom_css/theme_dark.css,0
student_portal/grades/semester2_2023.pdf,0
feedback/submit_form,0
documents/contracts/property_sale_agreement.doc,0
dashboard/widgets/expense_tracker.html,0
gallery/photos/family_wedding_album/,0
myfiles/uploads/utility_bills_2023.zip,0
api/transport/routes/bus_schedule_karachi.json,0
property/listings/homes/islamabad_sectorF5.html,0
pdfs/instructions/atm_pin_reset_guide.pdf,0
tutorials/machine_learning/beginner_guide.html,0
datasets/geo/regions_pakistan_boundaries.geojson,0
downloads/files/curriculum_outline_2024.pdf,0
education/exams/past_papers/fsc_2021.pdf,0
travel/docs/visa_form_uk_pakistan.pdf,0
radio/stream/audio_channel1.m3u8,0
archive/newsletters/december_2023.pdf,0
api/v1/users/reset_password_code.json,0
user/history/activity_logs_2023.csv,0
settings/language/preferences.html,0
downloads/fonts/urdu_typography_2024.ttf,0
utilities/api/generate_report?type=csv,0
events/register/coding_competition_2024,0
resources/publications/ai_ethics_whitepaper.pdf,0
search/results?type=article&tag=ai,0
documents/translated/نصاب_تعلیمی_اردو_2023.pdf,0
charity/donate/ramzan_appeal_form.html,0
support/tutorials/online_payment_steps.pdf,0
media/images/conference_photos_day2.jpg,0
digital_library/ebooks/engineering/fluid_mechanics.pdf,0
public/api/downloads/employee_handbook.pdf,0
ecommerce/return-policy.html,0
calendar/events/university_convocation_2024.html,0
kids/learning/colors_identification_game.html,0
learning/videos/science_experiments_class5.mp4,0
api/calendar/events/today.json,0
docs/reference/html_tags_cheatsheet.pdf,0
healthcare/patient_portal/report_viewer?id=9994,0
vaccination/centers/availability_checker.html,0
data/files/census_population_2023.xlsx,0
books/downloads/الادب_العربي_المعاصر.docx,0
cv_templates/modern_cv_format.docx,0
events/speakers/bio/dr_maria_rehman.html,0
archives/journals/tech_research_issue4_2024.pdf,0
gov/files/notifications/election_notice.pdf,0
lectures/videos/maths/grade10_probability_lesson.mp4,0
business/api/reports/tax_summary_q4_2023.json,0
